0 , null
1 , gaetano
2 , null
3 , albergo
4 , labra
5 , null
6 , laevo
7 , null
8 , null
9 , rabbi
10 , craning
11 , null
12 , null
13 , seawan
14 , leith
15 , fatten
16 , airglow
17 , glial
18 , refilm
19 , gerenuk
20 , lashkar
21 , erinyes
22 , matapan
23 , maurya
24 , shiai
25 , izard
26 , bounty
27 , flub
28 , nip
29 , pet
30 , ravine
31 , equable
32 , hunted
33 , verruca
34 , zenia
35 , wholly
36 , reyoked
37 , raught
38 , lowly
39 , lambarn
40 , sorgo
41 , twining
42 , troller
43 , soldo
44 , inhuman
45 , modicum
46 , null
47 , null
48 , studio
49 , joking
50 , incased
51 , crzette
52 , pero
53 , speeded
54 , schrik
55 , lent
56 , null
57 , null
58 , null
59 , eyewink
60 , croesus
61 , null
62 , null
63 , assn
64 , null
65 , null
66 , null
67 , onager
68 , null
69 , null
70 , null
71 , null
72 , null
73 , null
74 , null
75 , null
76 , null
77 , null
78 , null
79 , null
80 , null
81 , null
82 , kenyon
83 , null
84 , null
85 , null
86 , null
87 , null
88 , null
89 , null
90 , null
91 , null
92 , null
93 , null
94 , null
95 , null
96 , null
97 , null
98 , null
99 , vaguest
